onset	duration	trial_type
6.74	1	EXP_EXP
14.24	1	EXP_EXP
21.75	1	VP_VP
29.24	1	EXP_EXP
36.74	1	VP_VP
44.25	1	EXP_EXP
51.74	1	VP_EXP
60.74	1	EXP_EXP
68.25	1	EXP_EXP
75.74	1	EXP_EXP
83.24	1	VP_EXP
92.25	1	EXP_EXP
99.74	1	EXP_EXP
108.74	1	EXP_EXP
117.75	1	EXP_EXP
125.24	1	EXP_EXP
132.74	1	VP_VP
140.25	1	EXP_EXP
147.74	1	EXP_VP
155.24	1	VP_VP
162.75	1	EXP_EXP
170.24	1	EXP_VP
177.74	1	EXP_EXP
188.25	1	EXP_EXP
195.74	1	EXP_EXP
203.24	1	EXP_EXP
210.75	1	EXP_EXP
218.24	1	EXP_VP
225.74	1	EXP_EXP
233.25	1	EXP_EXP
240.74	1	EXP_EXP
248.24	1	VP_EXP
258.75	1	VP_VP
266.24	1	vcatch
273.74	1	EXP_EXP
281.25	1	VP_EXP
288.74	1	EXP_EXP
296.24	1	EXP_EXP
305.25	1	VP_EXP
314.24	1	EXP_EXP
321.74	1	VP_EXP
329.25	1	VP_EXP
336.74	1	EXP_EXP
344.24	1	EXP_EXP
351.75	1	EXP_EXP
359.23	1	vcatch
368.24	1	EXP_EXP
375.75	1	EXP_VP
384.74	1	EXP_EXP
392.24	1	EXP_EXP
401.25	1	EXP_EXP
408.74	1	EXP_EXP
416.24	1	EXP_EXP
423.75	1	EXP_EXP
431.23	1	VP_VP
440.24	1	acatch
447.75	1	EXP_EXP
455.24	1	VP_EXP
462.74	1	EXP_VP
470.25	1	EXP_VP
477.75	1	acatch
485.24	1	EXP_EXP
498.75	1	EXP_EXP
506.24	1	EXP_VP
513.74	1	EXP_VP
522.75	1	EXP_EXP
531.74	1	VP_VP
539.24	1	VP_VP
